{"v":"5.7.6","fr":30.0119934082031,"ip":0,"op":59.9999868216776,"w":1440,"h":1119,"nm":"Comp 1","ddd":0,"assets":[{"id":"image_0","w":1024,"h":1024,"u":"images/","p":"img_0.png","e":0},{"id":"comp_0","layers":[{"ddd":0,"ind":1,"ty":2,"nm":"logo_final.ai","cl":"ai","refId":"image_0","sr":1,"ks":{"o":{"a":1,"k":[{"i":{"x":[0.302],"y":[1.002]},"o":{"x":[0.658],"y":[0.016]},"t":0,"s":[0]},{"t":17.1919962239713,"s":[100]}],"ix":11},"r":{"a":1,"k":[{"i":{"x":[0.833],"y":[0.833]},"o":{"x":[0.259],"y":[0.066]},"t":-0.266,"s":[-157.115]},{"t":120,"s":[2160],"h":1},{"t":126.999972105884,"s":[1800],"h":1}],"ix":10},"p":{"a":0,"k":[814,573.5,0],"ix":2,"l":2},"a":{"a":0,"k":[606,526,0],"ix":1,"l":2},"s":{"a":0,"k":[100,100,100],"ix":6,"l":2}},"ao":0,"ip":0,"op":902.999801666248,"st":0,"bm":0}]}],"layers":[{"ddd":0,"ind":1,"ty":0,"nm":"DRAK","refId":"comp_0","sr":1,"ks":{"o":{"a":1,"k":[{"i":{"x":[0.833],"y":[0.833]},"o":{"x":[0.167],"y":[0.167]},"t":50,"s":[100]},{"t":55.9999877002324,"s":[0]}],"ix":11},"r":{"a":0,"k":0,"ix":10},"p":{"s":true,"x":{"a":0,"k":672,"ix":3},"y":{"a":0,"k":559.5,"ix":4}},"a":{"a":0,"k":[720,559.5,0],"ix":1,"l":2},"s":{"a":0,"k":[100,100,100],"ix":6,"l":2}},"ao":0,"w":1440,"h":1119,"ip":0,"op":242.999946627794,"st":0,"bm":0}],"markers":[]}