{"v":"5.7.6","fr":30.0119934082031,"ip":0,"op":239.99994728671,"w":1440,"h":1119,"nm":"Comp 1","ddd":1,"assets":[{"id":"image_0","w":1024,"h":1024,"u":"images/","p":"img_0.png","e":0},{"id":"image_1","w":1024,"h":1024,"u":"images/","p":"img_1.png","e":0},{"id":"comp_0","layers":[{"ddd":0,"ind":1,"ty":2,"nm":"logo_final.ai","cl":"ai","refId":"image_0","sr":1,"ks":{"o":{"a":1,"k":[{"i":{"x":[0.302],"y":[1.002]},"o":{"x":[0.658],"y":[0.016]},"t":0,"s":[0]},{"t":17.1919962239713,"s":[100]}],"ix":11},"r":{"a":1,"k":[{"i":{"x":[0.762],"y":[1.409]},"o":{"x":[0.333],"y":[0]},"t":-0.266,"s":[-157.115]},{"i":{"x":[0.461],"y":[5193104.461]},"o":{"x":[0.299],"y":[-21917121.504]},"t":24,"s":[0]},{"t":44.9999901162582,"s":[0]}],"ix":10},"p":{"a":0,"k":[814,573.5,0],"ix":2,"l":2},"a":{"a":0,"k":[606,526,0],"ix":1,"l":2},"s":{"a":0,"k":[100,100,100],"ix":6,"l":2}},"ao":0,"ip":0,"op":902.999801666248,"st":0,"bm":0},{"ddd":1,"ind":2,"ty":4,"nm":"mince Outlines","sr":1,"ks":{"o":{"a":1,"k":[{"i":{"x":[0.667],"y":[1]},"o":{"x":[0.167],"y":[0.167]},"t":121,"s":[0]},{"t":130.999971227329,"s":[100]}],"ix":11},"rx":{"a":0,"k":0,"ix":8},"ry":{"a":0,"k":356,"ix":9},"rz":{"a":0,"k":0,"ix":10},"or":{"a":0,"k":[0,0,0],"ix":7},"p":{"a":0,"k":[881.5,549,0],"ix":2},"a":{"a":0,"k":[536.702,455.86,0],"ix":1},"s":{"a":0,"k":[17.266,17.266,17.266],"ix":6}},"ao":0,"shapes":[{"ty":"gr","it":[{"ind":0,"ty":"sh","ix":1,"ks":{"a":0,"k":{"i":[[0,-89.585],[89.585,0],[0,89.585],[-89.586,0]],"o":[[0,89.585],[-89.586,0],[0,-89.585],[89.585,0]],"v":[[162.209,0],[0,162.209],[-162.21,0],[0,-162.209]],"c":true},"ix":2},"nm":"Path 1","mn":"ADBE Vector Shape - Group","hd":false},{"ty":"gf","o":{"a":0,"k":100,"ix":10},"r":1,"bm":0,"g":{"p":3,"k":{"a":0,"k":[0,0.388,0.027,0.247,0.5,0.431,0.029,0.247,1,0.475,0.031,0.247],"ix":9}},"s":{"a":0,"k":[1.46,163.621],"ix":5},"e":{"a":0,"k":[2.126,-159.249],"ix":6},"t":1,"nm":"Gradient Fill 1","mn":"ADBE Vector Graphic - G-Fill","hd":false},{"ty":"tr","p":{"a":0,"k":[538.186,448.163],"ix":2},"a":{"a":0,"k":[0,0],"ix":1},"s":{"a":0,"k":[100,100],"ix":3},"r":{"a":0,"k":0,"ix":6},"o":{"a":0,"k":100,"ix":7},"sk":{"a":0,"k":0,"ix":4},"sa":{"a":0,"k":0,"ix":5},"nm":"Transform"}],"nm":"Group 4","np":2,"cix":2,"bm":0,"ix":1,"mn":"ADBE Vector Group","hd":false}],"ip":0,"op":914.999799030583,"st":0,"bm":0},{"ddd":1,"ind":3,"ty":2,"nm":"mince.ai","cl":"ai","refId":"image_1","sr":1,"ks":{"o":{"a":1,"k":[{"i":{"x":[0.667],"y":[1]},"o":{"x":[0.333],"y":[0]},"t":70,"s":[0]},{"t":80.9999822092647,"s":[100]}],"ix":11},"rx":{"a":0,"k":0,"ix":8},"ry":{"a":1,"k":[{"i":{"x":[0.667],"y":[1]},"o":{"x":[0.333],"y":[0]},"t":70,"s":[0]},{"i":{"x":[0.667],"y":[1]},"o":{"x":[0.333],"y":[0]},"t":96,"s":[185.12]},{"t":119.999973643355,"s":[356]}],"ix":9},"rz":{"a":0,"k":0,"ix":10},"or":{"a":0,"k":[0,0,0],"ix":7},"p":{"a":1,"k":[{"i":{"x":0.667,"y":1},"o":{"x":0.333,"y":0},"t":70,"s":[881.5,649,0],"to":[0,-16.667,0],"ti":[0,16.667,0]},{"t":80.9999822092647,"s":[881.5,549,0]}],"ix":2},"a":{"a":0,"k":[536.702,455.86,0],"ix":1},"s":{"a":0,"k":[17.266,17.266,17.266],"ix":6}},"ao":0,"ip":10.9999975839742,"op":907.999800568054,"st":10.9999975839742,"bm":0}]}],"fonts":{"list":[{"fName":"Sansation-Bold","fFamily":"Sansation","fStyle":"Bold","ascent":69.82421875}]},"layers":[{"ddd":0,"ind":1,"ty":5,"nm":"Debt Dragon","sr":1,"ks":{"o":{"a":1,"k":[{"i":{"x":[0.833],"y":[0.833]},"o":{"x":[0.167],"y":[0.167]},"t":156,"s":[0]},{"t":180.999960245394,"s":[100]}],"ix":11},"r":{"a":0,"k":0,"ix":10},"p":{"a":0,"k":[96.871,904,0],"ix":2,"l":2},"a":{"a":0,"k":[0,0,0],"ix":1,"l":2},"s":{"a":0,"k":[299.781,299.781,100],"ix":6,"l":2}},"ao":0,"t":{"d":{"k":[{"s":{"s":72,"f":"Sansation-Bold","t":"Debt Dragon","ca":0,"j":0,"tr":0,"lh":86.4,"ls":0,"fc":[0,0,0]},"t":0}]},"p":{},"m":{"g":1,"a":{"a":0,"k":[0,0],"ix":2}},"a":[]},"ip":0,"op":239.99994728671,"st":0,"bm":0},{"ddd":0,"ind":2,"ty":0,"nm":"DRAK","refId":"comp_0","sr":1,"ks":{"o":{"a":0,"k":100,"ix":11},"r":{"a":0,"k":0,"ix":10},"p":{"s":true,"x":{"a":1,"k":[{"i":{"x":[0.522],"y":[1]},"o":{"x":[0.013],"y":[0]},"t":144,"s":[672]},{"t":155.999965736362,"s":[672]}],"ix":3},"y":{"a":1,"k":[{"i":{"x":[0.788],"y":[0.691]},"o":{"x":[0.65],"y":[0.364]},"t":144,"s":[559.5]},{"t":155.999965736362,"s":[417.742]}],"ix":4}},"a":{"a":0,"k":[720,559.5,0],"ix":1,"l":2},"s":{"a":1,"k":[{"i":{"x":[0.667,0.667,0.667],"y":[1,1,1]},"o":{"x":[0.333,0.333,0.333],"y":[0,0,0]},"t":144,"s":[100,100,100]},{"t":159.999964857807,"s":[80.357,80.357,100]}],"ix":6,"l":2}},"ao":0,"w":1440,"h":1119,"ip":0,"op":242.999946627794,"st":0,"bm":0}],"markers":[],"chars":[{"ch":"D","size":72,"style":"Bold","w":73,"data":{"shapes":[{"ty":"gr","it":[{"ind":0,"ty":"sh","ix":1,"ks":{"a":0,"k":{"i":[[0,0],[0,0],[0,0],[0,-14.518],[14.485,0]],"o":[[0,0],[0,0],[14.485,0],[0,17.058],[0,0]],"v":[[20.264,-11.23],[20.264,-58.594],[34.668,-58.594],[56.396,-36.816],[34.668,-11.23]],"c":true},"ix":2},"nm":"D","mn":"ADBE Vector Shape - Group","hd":false},{"ind":1,"ty":"sh","ix":2,"ks":{"a":0,"k":{"i":[[0,0],[0,24.545],[23.112,0],[0,0],[0,0]],"o":[[23.112,0],[0,-22.005],[0,0],[0,0],[0,0]],"v":[[34.668,0],[69.336,-36.816],[34.668,-69.824],[7.324,-69.824],[7.324,0]],"c":true},"ix":2},"nm":"D","mn":"ADBE Vector Shape - Group","hd":false}],"nm":"D","np":5,"cix":2,"bm":0,"ix":1,"mn":"ADBE Vector Group","hd":false}]},"fFamily":"Sansation"},{"ch":"e","size":72,"style":"Bold","w":54.69,"data":{"shapes":[{"ty":"gr","it":[{"ind":0,"ty":"sh","ix":1,"ks":{"a":0,"k":{"i":[[0,-16.699],[-18.587,0],[-4.525,0.977],[0,0],[5.176,0],[0,7.227],[0,0],[0,2.116],[15.559,0]],"o":[[0,17.48],[6.477,0],[0,0],[-5.176,0.977],[-10.612,0],[0,0],[0.293,-2.116],[0,-15.885],[-16.048,0]],"v":[[3.662,-26.221],[31.543,0],[48.047,-1.465],[48.047,-11.719],[32.52,-10.254],[16.602,-21.094],[50.635,-21.094],[51.074,-27.441],[27.734,-51.27]],"c":true},"ix":2},"nm":"e","mn":"ADBE Vector Shape - Group","hd":false},{"ind":1,"ty":"sh","ix":2,"ks":{"a":0,"k":{"i":[[-6.836,0],[0,-7.096],[0,0],[0,0]],"o":[[7.161,0],[0,0],[0,0],[0.586,-7.356]],"v":[[27.734,-41.113],[38.477,-30.469],[38.477,-30.078],[16.602,-30.078]],"c":true},"ix":2},"nm":"e","mn":"ADBE Vector Shape - Group","hd":false}],"nm":"e","np":5,"cix":2,"bm":0,"ix":1,"mn":"ADBE Vector Group","hd":false}]},"fFamily":"Sansation"},{"ch":"b","size":72,"style":"Bold","w":57.52,"data":{"shapes":[{"ty":"gr","it":[{"ind":0,"ty":"sh","ix":1,"ks":{"a":0,"k":{"i":[[0,0],[-4.362,0],[0,-9.016],[7.813,0],[2.962,0.945]],"o":[[3.58,-1.758],[6.738,0],[0,11.035],[-3.906,0],[0,0]],"v":[[19.043,-37.891],[30.957,-40.527],[41.064,-27.002],[29.346,-10.449],[19.043,-11.865]],"c":true},"ix":2},"nm":"b","mn":"ADBE Vector Shape - Group","hd":false},{"ind":1,"ty":"sh","ix":2,"ks":{"a":0,"k":{"i":[[0,0],[-7.031,0],[0,17.773],[14.583,0],[3.873,-2.604],[0,0],[0,0]],"o":[[8.105,1.4],[16.699,0],[0,-16.406],[-4.753,0],[0,0],[0,0],[0,0]],"v":[[6.104,-2.1],[28.809,0],[53.857,-26.66],[31.982,-51.27],[19.043,-47.363],[19.043,-69.824],[6.104,-69.824]],"c":true},"ix":2},"nm":"b","mn":"ADBE Vector Shape - Group","hd":false}],"nm":"b","np":5,"cix":2,"bm":0,"ix":1,"mn":"ADBE Vector Group","hd":false}]},"fFamily":"Sansation"},{"ch":"t","size":72,"style":"Bold","w":32.47,"data":{"shapes":[{"ty":"gr","it":[{"ind":0,"ty":"sh","ix":1,"ks":{"a":0,"k":{"i":[[0,0],[-8.594,0],[0,0],[0,0],[0,0],[0,4.785],[0,0],[0,0],[0,0],[0,0],[0,0],[0,0]],"o":[[0,9.212],[0,0],[0,0],[0,0],[-4.134,0],[0,0],[0,0],[0,0],[0,0],[0,0],[0,0],[0,0]],"v":[[5.371,-13.818],[18.262,0],[29.785,0],[29.785,-10.254],[24.512,-10.254],[18.311,-17.432],[18.311,-41.016],[29.785,-41.016],[29.785,-51.27],[16.895,-51.27],[14.941,-59.57],[5.371,-59.57]],"c":true},"ix":2},"nm":"t","mn":"ADBE Vector Shape - Group","hd":false}],"nm":"t","np":3,"cix":2,"bm":0,"ix":1,"mn":"ADBE Vector Group","hd":false}]},"fFamily":"Sansation"},{"ch":" ","size":72,"style":"Bold","w":21.97,"data":{},"fFamily":"Sansation"},{"ch":"r","size":72,"style":"Bold","w":33.2,"data":{"shapes":[{"ty":"gr","it":[{"ind":0,"ty":"sh","ix":1,"ks":{"a":0,"k":{"i":[[0,0],[0,0],[-4.818,0],[0,0],[4.492,-4.362],[0,0],[0,0],[0,0]],"o":[[0,0],[3.809,-4.004],[0,0],[-5.013,0],[0,0],[0,0],[0,0],[0,0]],"v":[[19.043,0],[19.043,-34.814],[31.982,-40.82],[31.982,-51.27],[17.725,-44.727],[16.113,-51.27],[6.104,-51.27],[6.104,0]],"c":true},"ix":2},"nm":"r","mn":"ADBE Vector Shape - Group","hd":false}],"nm":"r","np":3,"cix":2,"bm":0,"ix":1,"mn":"ADBE Vector Group","hd":false}]},"fFamily":"Sansation"},{"ch":"a","size":72,"style":"Bold","w":55.42,"data":{"shapes":[{"ty":"gr","it":[{"ind":0,"ty":"sh","ix":1,"ks":{"a":0,"k":{"i":[[-12.533,0],[-4.46,3.06],[0,0],[0,0],[0,0],[15.234,0],[6.836,-1.627],[0,0],[-5.599,0],[0,-4.59],[0,0],[3.483,0],[0,-10.188]],"o":[[5.371,0],[0,0],[0,0],[0,0],[0,-11.263],[-5.599,0],[0,0],[6.836,-1.627],[6.608,0],[0,0],[-3.484,-0.651],[-14.844,0],[0,10.645]],"v":[[22.461,0],[37.207,-4.59],[41.797,0],[49.316,0],[49.316,-34.375],[26.465,-51.27],[7.813,-48.828],[7.813,-38.574],[26.465,-41.016],[36.377,-34.131],[36.377,-30.273],[25.928,-31.25],[3.662,-15.967]],"c":true},"ix":2},"nm":"a","mn":"ADBE Vector Shape - Group","hd":false},{"ind":1,"ty":"sh","ix":2,"ks":{"a":0,"k":{"i":[[-3.255,-0.651],[0,0],[4.297,0],[0,4.558],[-6.218,0]],"o":[[0,0],[-3.679,2.67],[-5.209,0],[0,-4.231],[3.711,0]],"v":[[36.377,-21.484],[36.377,-13.281],[24.414,-9.277],[16.602,-16.113],[25.928,-22.461]],"c":true},"ix":2},"nm":"a","mn":"ADBE Vector Shape - Group","hd":false}],"nm":"a","np":5,"cix":2,"bm":0,"ix":1,"mn":"ADBE Vector Group","hd":false}]},"fFamily":"Sansation"},{"ch":"g","size":72,"style":"Bold","w":57.96,"data":{"shapes":[{"ty":"gr","it":[{"ind":0,"ty":"sh","ix":1,"ks":{"a":0,"k":{"i":[[0,0],[3.711,0],[0,9.538],[-8.952,0],[-2.116,-0.781]],"o":[[-3.548,1.758],[-7.715,0],[0,-9.863],[3.906,0],[0,0]],"v":[[38.916,-14.355],[28.027,-11.719],[16.455,-26.025],[29.883,-40.82],[38.916,-39.648]],"c":true},"ix":2},"nm":"g","mn":"ADBE Vector Shape - Group","hd":false},{"ind":1,"ty":"sh","ix":2,"ks":{"a":0,"k":{"i":[[0,0],[5.957,0],[0,-16.895],[-15.234,0],[-3.841,1.628],[9.309,0],[4.98,1.627],[0,0],[-6.316,0],[0,14.973]],"o":[[-8.431,-1.399],[-17.741,0],[0,16.634],[4.427,0],[0,7.813],[-6.283,0],[0,0],[4.883,1.627],[18.001,0],[0,0]],"v":[[51.855,-49.17],[30.273,-51.27],[3.662,-25.928],[26.514,-0.977],[38.916,-3.418],[24.951,8.301],[8.057,5.859],[8.057,16.113],[24.854,18.555],[51.855,-3.906]],"c":true},"ix":2},"nm":"g","mn":"ADBE Vector Shape - Group","hd":false}],"nm":"g","np":5,"cix":2,"bm":0,"ix":1,"mn":"ADBE Vector Group","hd":false}]},"fFamily":"Sansation"},{"ch":"o","size":72,"style":"Bold","w":58.11,"data":{"shapes":[{"ty":"gr","it":[{"ind":0,"ty":"sh","ix":1,"ks":{"a":0,"k":{"i":[[0,10.71],[-8.301,0],[0,-10.449],[8.301,0]],"o":[[0,-10.449],[8.301,0],[0,10.71],[-8.301,0]],"v":[[16.602,-25.83],[29.053,-41.504],[41.504,-25.83],[29.053,-9.766]],"c":true},"ix":2},"nm":"o","mn":"ADBE Vector Shape - Group","hd":false},{"ind":1,"ty":"sh","ix":2,"ks":{"a":0,"k":{"i":[[-16.862,0],[0,17.155],[16.927,0],[0,-17.188]],"o":[[16.927,0],[0,-17.188],[-16.927,0],[0.065,17.155]],"v":[[29.053,0.098],[54.443,-25.635],[29.053,-51.416],[3.662,-25.635]],"c":true},"ix":2},"nm":"o","mn":"ADBE Vector Shape - Group","hd":false}],"nm":"o","np":5,"cix":2,"bm":0,"ix":1,"mn":"ADBE Vector Group","hd":false}]},"fFamily":"Sansation"},{"ch":"n","size":72,"style":"Bold","w":58.84,"data":{"shapes":[{"ty":"gr","it":[{"ind":0,"ty":"sh","ix":1,"ks":{"a":0,"k":{"i":[[0,0],[0,0],[-4.199,0],[0,-5.664],[0,0],[0,0],[0,0],[12.141,0],[4.915,-5.013],[0,0],[0,0],[0,0]],"o":[[0,0],[4.004,-3.352],[5.631,0],[0,0],[0,0],[0,0],[0,-12.63],[-6.283,0],[0,0],[0,0],[0,0],[0,0]],"v":[[19.043,0],[19.043,-35.791],[31.348,-40.82],[39.795,-32.324],[39.795,0],[52.734,0],[52.734,-32.324],[34.521,-51.27],[17.725,-43.75],[16.113,-51.27],[6.104,-51.27],[6.104,0]],"c":true},"ix":2},"nm":"n","mn":"ADBE Vector Shape - Group","hd":false}],"nm":"n","np":3,"cix":2,"bm":0,"ix":1,"mn":"ADBE Vector Group","hd":false}]},"fFamily":"Sansation"}]}